{"cameraMode":{"drawMode":0,"name":"Shaded","section":"Shading Mode"},"sceneLighting":true,"audioPlay":false,"sceneViewState":{"m_AlwaysRefresh":false,"showFog":true,"showSkybox":true,"showFlares":true,"showImageEffects":true,"showParticleSystems":true,"showVisualEffectGraphs":true,"m_FxEnabled":true},"in2DMode":false,"pivot":{"x":-5.697113513946533,"y":3.9154202938079836,"z":9.058863639831543},"rotation":{"x":0.021112723276019098,"y":0.9599354863166809,"z":-0.269093781709671,"w":0.07531759887933731},"size":3.5632221698760988,"orthographic":false}