{"cameraMode":{"drawMode":0,"name":"Shaded","section":"Shading Mode"},"sceneLighting":true,"audioPlay":false,"sceneViewState":{"m_AlwaysRefresh":false,"showFog":true,"showSkybox":true,"showFlares":true,"showImageEffects":true,"showParticleSystems":true,"showVisualEffectGraphs":true,"m_FxEnabled":true},"in2DMode":false,"pivot":{"x":2.6557445526123049,"y":2.6635684967041017,"z":-2.8577823638916017},"rotation":{"x":0.08404183387756348,"y":0.8070775270462036,"z":-0.11852139979600907,"w":0.5722911357879639},"size":15.637140274047852,"orthographic":false}